{
  "i18n/i18n.properties": 1717559134843,
  "test/integration/opaTests.qunit.js": 1717559101055,
  "test/integration/pages/RisksList.js": 1717559101171,
  "test/integration/pages/RisksObjectPage.js": 1717559101287,
  "test/integration/FirstJourney.js": 1717559101255,
  "test/testsuite.qunit.js": 1717559101035,
  "xs-app.json": 1717771344808,
  "manifest.json": 1717771344816,
  "Component.js": 1717559100907,
  "test/integration/pages/RisksList-dbg.js": 1717559101171,
  "test/integration/pages/RisksList.js.map": 1717771363595,
  "test/integration/opaTests.qunit-dbg.js": 1717559101055,
  "test/integration/opaTests.qunit.js.map": 1717771363628,
  "test/integration/pages/RisksObjectPage-dbg.js": 1717559101287,
  "test/integration/pages/RisksObjectPage.js.map": 1717771363591,
  "test/integration/FirstJourney-dbg.js": 1717559101255,
  "test/integration/FirstJourney.js.map": 1717771363602,
  "test/testsuite.qunit-dbg.js": 1717559101035,
  "test/testsuite.qunit.js.map": 1717771363597,
  "Component-dbg.js": 1717559100907,
  "Component.js.map": 1717771363598,
  "Component-preload.js": 1717771363898,
  "Component-preload.js.map": 1717771363898,
  "test/integration/opaTests.qunit.html": 1717559101055,
  "test/testsuite.qunit.html": 1717559101031,
  "test/flpSandbox.html": 1717559101027,
  "index.html": 1717559100923
}